Phones	Google Pixel 7
Phones	Google Pixel 6
Phones	Google Pixel 6a
Phones	Google Pixel 5
Phones	Google Pixel 4
Phones	Apple iPhone 14 Pro
Phones	Apple iPhone 14
Phones	Apple iPhone 13
Phones	Samsung Galaxy S23 Ultra
Phones	Samsung Galaxy S10
Phones	Samsung Galaxy S10 plus
Phones	Samsung Galaxy Z Flip 4
Phones	OnePlus 11
Phones	OnePlus 10
Phones	OnePlus 9
Phones	Motorola Moto G62
Phones	Motorola Moto G8 plus
Phones	Motorola Moto G8
Laptops	Apple MacBook Air (M2)
Laptops	MacBook Pro (14-inch and 16-inch)
Laptops	MacBook Pro 16 (M2 Pro and M2 Max)
Laptops	HP Spectre x360 14
Laptops	HP Dragonfly Pro
Laptops	Asus Zenbook Pro Duo 14
Laptops	Asus ROG Zephyrus G14
Laptops	Asus Chromebook Flip CX5
Laptops	Asus Zenbook S 13 OLED
Laptops	Dell XPS 13
Laptops	Lenovo ThinkPad X1 Nano
Laptops	Lenovo Chromebook Duet 3
Laptops	Microsoft Surface Laptop 5 (13.5-inch)
Laptops	Razer Blade 16
Laptops	LG Gram 17